hdidlhj@gmail.com,a
edidcla@gmail.com,a
bhafjia@hotmail.com,a
jlgccil@aol.com,a
cjdlfie@mail.com,a
hgljack@aol.com,a
gbbihic@mail.kz,a
hegdhii@mail.kz,a
ialbjhj@gmail.com,a
dbjelfg@hotmail.com,a
jjajhje@aol.com,a
gfaddhh@aol.com,a
kaeliga@aol.com,a
ebjefdj@mail.kz,a
fbgkdib@aol.com,a
fkbhghd@aol.com,a
cgkkkab@gmail.com,a
aehlldc@mail.kz,a
efhdheh@aol.com,a
bhiadkb@aol.com,a
falhhgg@mail.com,a
jfgclla@aol.com,a
gikfikd@yahoo.com,a
eadaike@mail.com,a
iacgbfj@mail.kz,a
hailclc@hotmail.com,a
iicfkie@mail.com,a
keichlj@yahoo.com,a
hghcfbh@aol.com,a
daaahlb@hotmail.com,a
ejdeagc@mail.kz,a
feaajca@mail.kz,a
hjjgjed@gmail.com,a
cbgehcj@gmail.com,a
aeahbfl@hotmail.com,a
beagjkl@aol.com,a
befajfc@yahoo.com,a
bakhgak@hotmail.com,a
kldhhah@aol.com,a
ibchggh@mail.kz,a
glblggf@yahoo.com,a
kkffigh@mail.kz,a
eadhlhh@yahoo.com,a
cfafhjj@mail.com,a
iefbeli@yahoo.com,a
heblhlh@yahoo.com,a
clbkclj@mail.com,a
eaekcgf@mail.kz,a
lklegah@mail.com,a
ccflbfg@mail.com,a
jchkhif@aol.com,a
lclbflj@hotmail.com,a
ebdcjed@gmail.com,a
lhjflha@hotmail.com,a
gdbbcfa@mail.com,a
jjefaii@mail.com,a
dglcgch@mail.kz,a
hchikjg@mail.kz,a
elgkgia@yahoo.com,a
cciefil@aol.com,a
lcggclh@mail.kz,a
kfkdjie@mail.kz,a
agiikib@gmail.com,a
jccjeac@mail.kz,a
fkbgggl@aol.com,a
gbhedjj@mail.com,a
baidiki@mail.com,a
kegekkc@hotmail.com,a
jfekbfj@gmail.com,a
gkciela@gmail.com,a
gifgalg@mail.com,a
bjlhikf@mail.com,a
ieffhhd@mail.kz,a
ehdkdji@gmail.com,a
jcddkll@gmail.com,a
begfkfg@hotmail.com,a
khlbfjh@yahoo.com,a
kfcgdcb@hotmail.com,a
hgadjcl@mail.kz,a
eidhjkj@mail.com,a
ahikcga@aol.com,a
baggefb@aol.com,a
cadddjf@mail.kz,a
lifeila@gmail.com,a
fahbeka@hotmail.com,a
afkchhg@yahoo.com,a
cfghbck@hotmail.com,a
kcfkaae@gmail.com,a
cgafced@yahoo.com,a
lledcih@aol.com,a
dljhilf@aol.com,a
heckidk@mail.com,a
ilhhdch@hotmail.com,a
ebhghgd@gmail.com,a
dcdighe@hotmail.com,a
bfadcic@mail.com,a
hjadbgl@gmail.com,a
fcacdjg@mail.kz,a
bjhaihj@hotmail.com,a
cciidgd@gmail.com,a
